﻿<?xml version="1.0" encoding="utf-8" ?> 

<partCatalog>

    <aircraftPart>
        <original_part_number>2796332</original_part_number>
        <manufacturer>McDonnell Douglas</manufacturer>
        <part_name>30L Engine</part_name>
        <replacement_number>2358230</replacement_number>
        <PMA_holder>Jet Industries</PMA_holder>
    </aircraftPart>

    <aircraftPart>
        <original_part_number>B3589298</original_part_number>
        <manufacturer>Empire Balloons</manufacturer>
        <part_name>Panel</part_name>
        <replacement_number>3930589</replacement_number>
        <PMA_holder>Balloons Unlimited</PMA_holder>
    </aircraftPart>
   
</partCatalog>