<?xml version='1.0'?>
<!-- The 1.264 reading list -->
<booklist>
    <book topic="software process" publicationdate="1996" ISBN="1-55615-900-5">
        <title>Rapid Development</title>
        <author>
            <first-name>Steve</first-name>
            <last-name>McConnell</last-name>
        </author>
		<author>
			<first-name>Bryan</first-name>
			<last-name>Syverson</last-name>
		</author>
        <price>48.99</price>
    </book>
    <book topic="UML" publicationdate="2004" ISBN="0-321-19368-7">
        <title>UML Distilled</title>
        <author>
            <first-name>Martin</first-name>
            <last-name>Fowler</last-name>
        </author>
        <price>34.99</price>
    </book>
    <book topic="database" publicationdate="2007" ISBN="1-890774-39-1">
        <title>SQL Server 2005</title>
        <author>
            <first-name>Bryan</first-name>
            <last-name>Syverson</last-name>
        </author>
        <price>52.50</price>
    </book>
</booklist>
